Date,KO,^NDX
2016-01-04,35.69382858276367,4497.85986328125
2016-01-05,35.82009506225586,4484.18017578125
2016-01-06,35.6264762878418,4443.990234375
2016-01-07,35.03718948364258,4305.72021484375
2016-01-08,34.94458770751953,4270.77978515625
2016-01-11,35.00352096557617,4283.5498046875
2016-01-12,35.458099365234375,4333.72021484375
2016-01-13,35.23081588745117,4183.1201171875
2016-01-14,35.25605773925781,4272.97021484375
2016-01-15,34.9361686706543,4141.080078125
2016-01-19,35.289737701416016,4147.06982421875
2016-01-20,34.835147857666016,4136.27978515625
2016-01-21,34.843563079833984,4142.60009765625
2016-01-22,35.4075927734375,4259.77001953125
2016-01-25,35.49177932739258,4196.52978515625
2016-01-26,35.42441940307617,4233.85009765625
2016-01-27,35.4328498840332,4128.85986328125
2016-01-28,35.83692932128906,4186.06005859375
2016-01-29,36.131568908691406,4279.169921875
2016-02-01,36.198917388916016,4286.56005859375
2016-02-02,35.72749710083008,4193.10009765625
2016-02-03,35.96320343017578,4171.97021484375
2016-02-04,35.80324935913086,4167.77001953125
2016-02-05,35.72749710083008,4024.469970703125
2016-02-08,35.90428161621094,3960.669921875
2016-02-09,36.45147705078125,3947.800048828125
2016-02-10,35.82009506225586,3966.280029296875
2016-02-11,35.70223617553711,3962.219970703125
2016-02-12,36.291526794433594,4019.18994140625
2016-02-16,36.50197982788086,4104.330078125
2016-02-17,36.611419677734375,4199.10009765625
2016-02-18,36.71244430541992,4151.490234375
2016-02-19,36.84714126586914,4164.08984375
2016-02-22,36.99024963378906,4231.27001953125
2016-02-23,36.779781341552734,4162.5400390625
2016-02-24,36.964988708496094,4200.66015625
2016-02-25,37.17544937133789,4241.06005859375
2016-02-26,36.3167724609375,4235.6201171875
2016-02-29,36.30835723876953,4201.1201171875
2016-03-01,36.779781341552734,4333.60986328125
2016-03-02,36.84714126586914,4334.39013671875
2016-03-03,37.007076263427734,4325.85986328125
2016-03-04,37.133358001708984,4329.0
2016-03-07,37.049171447753906,4303.330078125
2016-03-08,37.31014633178711,4265.509765625
2016-03-09,37.7226448059082,4293.22998046875
2016-03-10,38.07621383666992,4286.97021484375
2016-03-11,38.34770202636719,4361.830078125
2016-03-14,38.42405700683594,4367.330078125
2016-03-15,38.38163757324219,4367.080078125
2016-03-16,38.22043991088867,4404.2001953125
2016-03-17,38.831298828125,4400.259765625
2016-03-18,38.68705749511719,4410.830078125
2016-03-21,38.74645233154297,4426.97998046875
2016-03-22,38.60221481323242,4437.6201171875
2016-03-23,38.56828689575195,4402.56005859375
2016-03-24,38.670101165771484,4405.52978515625
2016-03-28,38.85673141479492,4398.06982421875
2016-03-29,39.433650970458984,4467.72021484375
2016-03-30,39.51850509643555,4490.8798828125
2016-03-31,39.357295989990234,4483.66015625
2016-04-01,39.7305908203125,4532.080078125
2016-04-04,39.781497955322266,4511.7001953125
2016-04-05,39.476078033447266,4470.75
2016-04-06,39.6287841796875,4543.77978515625
2016-04-07,39.33184814453125,4475.2900390625
2016-04-08,39.7645378112793,4474.93017578125
2016-04-11,39.399723052978516,4458.7099609375
2016-04-12,39.577880859375,4496.0400390625
2016-04-13,39.060359954833984,4554.72021484375
2016-04-14,38.8821907043457,4554.6298828125
2016-04-15,39.11125946044922,4543.16015625
2016-04-18,39.213077545166016,4569.31005859375
2016-04-19,39.53545379638672,4537.08984375
2016-04-20,37.64352798461914,4540.43994140625
2016-04-21,37.041168212890625,4540.7998046875
2016-04-22,37.78776550292969,4474.18994140625
2016-04-25,37.931983947753906,4474.1298828125
2016-04-26,37.77927780151367,4452.97021484375
2016-04-27,37.90653991699219,4416.6298828125
2016-04-28,37.864112854003906,4363.990234375
2016-04-29,38.008331298828125,4341.2998046875
2016-05-02,38.161048889160156,4381.2998046875
2016-05-03,38.04227828979492,4341.39013671875
2016-05-04,38.161048889160156,4312.009765625
2016-05-05,38.22892761230469,4309.47998046875
2016-05-06,38.44951629638672,4330.169921875
2016-05-09,38.38163757324219,4341.22998046875
2016-05-10,38.8143196105957,4402.0400390625
2016-05-11,38.56828689575195,4361.02978515625
2016-05-12,38.8821907043457,4342.81005859375
2016-05-13,38.47496032714844,4326.52978515625
2016-05-16,38.70402908325195,4380.47998046875
2016-05-17,37.965911865234375,4322.56005859375
2016-05-18,37.73685073852539,4338.22998046875
2016-05-19,37.60110855102539,4315.580078125
2016-05-20,37.287200927734375,4362.89990234375
2016-05-23,37.304168701171875,4355.10009765625
2016-05-24,37.64352798461914,4444.2998046875
2016-05-25,37.65201187133789,4476.43017578125
2016-05-26,37.915016174316406,4487.9599609375
2016-05-27,37.99137496948242,4512.5400390625
2016-05-31,37.83865737915039,4523.89013671875
2016-06-01,37.92350769042969,4520.06982421875
2016-06-02,37.940467834472656,4531.35009765625
2016-06-03,38.21195983886719,4509.7900390625
2016-06-06,38.4919319152832,4523.6298828125
2016-06-07,38.44951629638672,4513.08984375
2016-06-08,38.64464569091797,4520.6298828125
2016-06-09,38.82280349731445,4512.68994140625
2016-06-10,39.01793670654297,4461.0498046875
2016-06-13,38.57339096069336,4422.759765625
2016-06-14,38.50499725341797,4424.91015625
2016-06-15,38.479347229003906,4409.509765625
2016-06-16,38.73582077026367,4424.22998046875
2016-06-17,38.29126739501953,4374.3798828125
2016-06-20,38.45369338989258,4400.16015625
2016-06-21,38.581939697265625,4413.39990234375
2016-06-22,38.35110855102539,4404.72998046875
2016-06-23,38.539188385009766,4467.47998046875
2016-06-24,37.55604934692383,4285.7001953125
2016-06-27,37.42781448364258,4201.0498046875
2016-06-28,37.769779205322266,4290.47021484375
2016-06-29,37.99204635620117,4364.740234375
2016-06-30,38.75291442871094,4417.7001953125
2016-07-01,38.57339096069336,4437.4501953125
2016-07-05,38.83840560913086,4410.75
2016-07-06,38.70161819458008,4444.7001953125
2016-07-07,38.54773712158203,4459.580078125
2016-07-08,38.79566192626953,4528.35986328125
2016-07-11,38.95809555053711,4554.7099609375
2016-07-12,38.96664810180664,4577.60986328125
2016-07-13,39.10342788696289,4565.77001953125
2016-07-14,39.06067657470703,4596.490234375
2016-07-15,39.00938415527344,4589.830078125
2016-07-18,39.00938415527344,4619.68017578125
2016-07-19,39.00938415527344,4603.27978515625
2016-07-20,38.90679931640625,4657.2001953125
2016-07-21,38.855506896972656,4647.02001953125
2016-07-22,39.18036651611328,4666.06982421875
2016-07-25,38.95809555053711,4665.93017578125
2016-07-26,38.36821746826172,4672.10986328125
2016-07-27,37.10294723510742,4702.8798828125
2016-07-28,37.31667709350586,4721.41015625
2016-07-29,37.2995719909668,4730.22998046875
2016-08-01,37.14569091796875,4756.0400390625
2016-08-02,37.214080810546875,4719.2099609375
2016-08-03,37.30811309814453,4734.330078125
2016-08-04,37.19698715209961,4743.81005859375
2016-08-05,37.17134094238281,4791.2099609375
2016-08-08,37.13713073730469,4784.740234375
2016-08-09,37.162784576416016,4795.75
2016-08-10,37.282474517822266,4783.39013671875
2016-08-11,37.40216064453125,4803.31005859375
2016-08-12,37.64154052734375,4807.080078125
2016-08-15,37.821067810058594,4827.1201171875
2016-08-16,37.470558166503906,4797.18994140625
2016-08-17,37.66719055175781,4805.4501953125
2016-08-18,37.70138168334961,4808.68017578125
2016-08-19,37.5474967956543,4806.14013671875
2016-08-22,37.39360809326172,4808.56005859375
2016-08-23,37.48764419555664,4818.47998046875
2016-08-24,37.48764419555664,4783.490234375
2016-08-25,37.33376693725586,4775.43017578125
2016-08-26,37.03456115722656,4783.68994140625
2016-08-29,37.22264099121094,4791.08984375
2016-08-30,36.966163635253906,4775.990234375
2016-08-31,37.12858963012695,4771.0498046875
2016-09-01,37.06020736694336,4783.93994140625
2016-09-02,37.325225830078125,4798.740234375
2016-09-06,37.43635940551758,4829.509765625
2016-09-07,37.30811309814453,4831.85986328125
2016-09-08,37.2995719909668,4804.0
2016-09-09,36.136905670166016,4681.5400390625
2016-09-12,36.92341613769531,4764.64990234375
2016-09-13,36.44075012207031,4722.85009765625
2016-09-14,36.29423904418945,4746.06005859375
2016-09-15,36.50971221923828,4819.89990234375
2016-09-16,36.32008361816406,4818.0498046875
2016-09-19,36.28561782836914,4796.06982421875
2016-09-20,36.49248123168945,4805.22021484375
2016-09-21,36.656227111816406,4853.75
2016-09-22,37.02684020996094,4891.35986328125
2016-09-23,36.83723068237305,4858.91015625
2016-09-26,36.24251937866211,4817.169921875
2016-09-27,36.707950592041016,4866.7099609375
2016-09-28,36.32872009277344,4875.27001953125
2016-09-29,36.225276947021484,4838.2998046875
2016-09-30,36.47523498535156,4875.7001953125
2016-10-03,36.225276947021484,4866.6298828125
2016-10-04,36.061527252197266,4859.47021484375
2016-10-05,36.035675048828125,4877.75
2016-10-06,35.94948196411133,4873.919921875
2016-10-07,35.96672058105469,4864.52001953125
2016-10-10,35.96672058105469,4893.77001953125
2016-10-11,35.80296325683594,4821.91015625
2016-10-12,36.00980758666992,4819.64013671875
2016-10-13,35.992576599121094,4803.10009765625
2016-10-14,35.915000915527344,4808.47998046875
2016-10-17,35.85466766357422,4796.169921875
2016-10-18,36.1735725402832,4839.72021484375
2016-10-19,36.24251937866211,4836.60986328125
2016-10-20,36.139095306396484,4832.7099609375
2016-10-21,36.31147766113281,4851.85986328125
2016-10-24,36.68208694458008,4909.97021484375
2016-10-25,36.664852142333984,4891.4501953125
2016-10-26,36.57865905761719,4860.58984375
2016-10-27,36.302852630615234,4836.4501953125
2016-10-28,36.39765930175781,4805.58984375
2016-10-31,36.544189453125,4801.27001953125
2016-11-01,36.302852630615234,4766.93994140625
2016-11-02,36.24251937866211,4726.91015625
2016-11-03,36.225276947021484,4679.10009765625
2016-11-04,35.932228088378906,4660.4599609375
2016-11-07,36.59589767456055,4773.72998046875
2016-11-08,36.95790100097656,4804.919921875
2016-11-09,36.43214797973633,4825.18017578125
2016-11-10,35.285823822021484,4747.02978515625
2016-11-11,35.3633918762207,4751.9501953125
2016-11-14,35.48405838012695,4702.0400390625
2016-11-15,35.716766357421875,4764.47021484375
2016-11-16,35.56162643432617,4792.27001953125
2016-11-17,35.44096755981445,4826.58984375
2016-11-18,35.25996398925781,4808.0400390625
2016-11-21,35.64781951904297,4859.0
2016-11-22,35.65645217895508,4873.83984375
2016-11-23,35.44096755981445,4853.85986328125
2016-11-25,35.79433822631836,4870.02001953125
2016-11-28,35.98395538330078,4857.02001953125
2016-11-29,35.766658782958984,4873.2099609375
2016-11-30,35.07131576538086,4810.81005859375
2016-12-01,34.91486358642578,4734.10009765625
2016-12-02,35.08000564575195,4739.3701171875
2016-12-05,35.30599594116211,4778.14013671875
2016-12-06,35.262542724609375,4788.669921875
2016-12-07,35.888343811035156,4851.93994140625
2016-12-08,35.618896484375,4859.18994140625
2016-12-09,36.50546646118164,4895.89990234375
2016-12-12,36.41854476928711,4874.2998046875
2016-12-13,36.29685974121094,4935.83984375
2016-12-14,35.81881332397461,4921.22021484375
2016-12-15,36.11432647705078,4933.41015625
2016-12-16,36.27946472167969,4914.85986328125
2016-12-19,36.2186279296875,4934.85009765625
2016-12-20,36.209938049316406,4953.7998046875
2016-12-21,36.1317138671875,4948.91015625
2016-12-22,36.11432647705078,4934.39013671875
2016-12-23,36.15778732299805,4940.02001953125
2016-12-27,36.16648483276367,4965.81005859375
2016-12-28,35.97526168823242,4926.2900390625
2016-12-29,36.15778732299805,4918.27978515625
2016-12-30,36.036109924316406,4863.6201171875
2017-01-03,36.331626892089844,4911.330078125
2017-01-04,36.20124435424805,4937.2099609375
2017-01-05,36.28816604614258,4964.9501953125
2017-01-06,36.27946472167969,5007.080078125
2017-01-09,35.91442108154297,5024.89990234375
2017-01-10,35.671051025390625,5035.169921875
2017-01-11,35.67973327636719,5050.2099609375
2017-01-12,35.59281921386719,5041.43017578125
2017-01-13,35.531978607177734,5059.509765625
2017-01-17,35.8275032043457,5044.64990234375
2017-01-18,35.888343811035156,5055.85009765625
2017-01-19,35.75796890258789,5051.169921875
2017-01-20,35.91442108154297,5063.2001953125
2017-01-23,36.010032653808594,5065.7001953125
2017-01-24,36.41854476928711,5101.06005859375
2017-01-25,36.60976028442383,5151.47021484375
2017-01-26,36.34032440185547,5156.919921875
2017-01-27,36.027408599853516,5168.06005859375
2017-01-30,35.96656799316406,5129.330078125
2017-01-31,36.1317138671875,5116.77001953125
2017-02-01,35.862266540527344,5152.68994140625
2017-02-02,35.983951568603516,5147.7001953125
2017-02-03,36.10564422607422,5161.60009765625
2017-02-06,36.123023986816406,5167.9599609375
2017-02-07,36.41854476928711,5185.8798828125
2017-02-08,36.52284240722656,5196.580078125
2017-02-09,35.85357666015625,5212.16015625
2017-02-10,35.271240234375,5226.68994140625
2017-02-13,35.30599594116211,5256.81982421875
2017-02-14,35.22776794433594,5271.06982421875
2017-02-15,35.14954376220703,5302.39013671875
2017-02-16,35.810115814208984,5300.64013671875
2017-02-17,35.83618927001953,5324.72021484375
2017-02-21,36.036109924316406,5350.72998046875
2017-02-22,36.15778732299805,5352.1298828125
2017-02-23,36.209938049316406,5332.3701171875
2017-02-24,36.314239501953125,5343.31005859375
2017-02-27,36.2186279296875,5347.5498046875
2017-02-28,36.4706916809082,5330.31005859375
2017-03-01,36.64453125,5390.990234375
2017-03-02,36.913970947265625,5363.259765625
2017-03-03,36.922664642333984,5373.47998046875
2017-03-06,36.66191101074219,5360.31005859375
2017-03-07,36.49675750732422,5351.27978515625
2017-03-08,36.49675750732422,5359.81005859375
2017-03-09,36.53152847290039,5363.97998046875
2017-03-10,36.757530212402344,5385.89990234375
2017-03-13,36.853973388671875,5394.56982421875
2017-03-14,36.801368713378906,5382.169921875
2017-03-15,36.932891845703125,5416.25
2017-03-16,37.04688262939453,5412.080078125
2017-03-17,36.853973388671875,5408.759765625
2017-03-20,36.98550033569336,5413.31005859375
2017-03-21,37.26609420776367,5332.52978515625
2017-03-22,37.1608772277832,5367.5498046875
2017-03-23,36.97673416137695,5355.14013671875
2017-03-24,36.932891845703125,5364.0
2017-03-27,37.10826873779297,5374.27001953125
2017-03-28,37.20471954345703,5407.2099609375
2017-03-29,37.195945739746094,5430.27001953125
2017-03-30,37.35377883911133,5439.740234375
2017-03-31,37.2134895324707,5436.22998046875
2017-04-03,37.18717956542969,5432.2001953125
2017-04-04,37.4239387512207,5440.41015625
2017-04-05,37.32747268676758,5418.52001953125
2017-04-06,37.41515350341797,5420.8798828125
2017-04-07,37.362552642822266,5418.3701171875
2017-04-10,37.43269348144531,5421.68017578125
2017-04-11,37.4063835144043,5398.39990234375
2017-04-12,37.65190887451172,5377.02978515625
2017-04-13,37.52037811279297,5353.58984375
2017-04-17,37.765899658203125,5399.2001953125
2017-04-18,38.12540817260742,5391.66015625
2017-04-19,37.906192779541016,5399.64013671875
2017-04-20,37.78343963623047,5443.52978515625
2017-04-21,37.765899658203125,5442.0498046875
2017-04-24,37.95003890991211,5508.02978515625
2017-04-25,37.80097579956055,5548.18994140625
2017-04-26,37.91496276855469,5541.08984375
2017-04-27,37.713287353515625,5571.27978515625
2017-04-28,37.8360481262207,5583.52978515625
2017-05-01,37.89742660522461,5629.6298828125
2017-05-02,38.046485900878906,5644.06982421875
2017-05-03,37.98511505126953,5625.16015625
2017-05-04,38.283241271972656,5626.31982421875
2017-05-05,38.309539794921875,5646.08984375
2017-05-08,38.48490905761719,5659.06982421875
2017-05-09,38.15171432495117,5678.31005859375
2017-05-10,38.20432662963867,5681.68017578125
2017-05-11,38.2920036315918,5674.22021484375
2017-05-12,38.22186279296875,5686.81005859375
2017-05-15,38.34462356567383,5704.47998046875
2017-05-16,38.449832916259766,5724.43994140625
2017-05-17,38.51999282836914,5580.5498046875
2017-05-18,38.4059944152832,5626.31005859375
2017-05-19,38.49368667602539,5651.56005859375
2017-05-22,38.73920440673828,5699.39990234375
2017-05-23,38.923343658447266,5703.35009765625
2017-05-24,39.48452377319336,5730.2998046875
2017-05-25,39.81772232055664,5778.3701171875
2017-05-26,39.80019760131836,5788.35986328125
2017-05-30,39.83526611328125,5794.6298828125
2017-05-31,39.870338439941406,5788.7998046875
2017-06-01,40.15092468261719,5816.509765625
2017-06-02,40.23862075805664,5881.4599609375
2017-06-05,40.32630157470703,5878.1201171875
2017-06-06,40.317535400390625,5856.77001953125
2017-06-07,39.90541076660156,5877.58984375
2017-06-08,39.57221221923828,5885.2998046875
2017-06-09,39.73881530761719,5741.93994140625
2017-06-12,39.74757766723633,5708.18017578125
2017-06-13,39.80946350097656,5751.81982421875
2017-06-14,40.04815673828125,5727.06982421875
2017-06-15,40.00395584106445,5700.89013671875
2017-06-16,40.05699920654297,5681.47998046875
2017-06-19,40.118892669677734,5772.22021484375
2017-06-20,40.32221984863281,5726.31005859375
2017-06-21,39.97743606567383,5782.39013671875
2017-06-22,39.84483337402344,5779.8701171875
2017-06-23,40.00395584106445,5803.10986328125
2017-06-26,40.163089752197266,5777.58984375
2017-06-27,39.827144622802734,5671.60009765625
2017-06-28,40.065853118896484,5753.02978515625
2017-06-29,39.63264846801758,5653.02001953125
2017-06-30,39.65032958984375,5646.919921875
2017-07-03,39.570762634277344,5596.9599609375
2017-07-05,39.62380599975586,5648.81982421875
2017-07-06,39.252506256103516,5597.89990234375
2017-07-07,39.2436637878418,5656.47021484375
2017-07-10,39.234825134277344,5694.14990234375
2017-07-11,39.190616607666016,5709.7998046875
2017-07-12,39.34975051879883,5778.9501953125
2017-07-13,39.279022216796875,5793.35986328125
2017-07-14,39.50004196166992,5838.080078125
2017-07-17,39.54424285888672,5839.740234375
2017-07-18,39.4911994934082,5880.10009765625
2017-07-19,39.63264846801758,5916.16015625
2017-07-20,39.62380599975586,5921.22021484375
2017-07-21,39.80946350097656,5921.52978515625
2017-07-24,39.6414909362793,5941.3701171875
2017-07-25,39.995121002197266,5930.64990234375
2017-07-26,40.43715286254883,5950.72998046875
2017-07-27,40.77309799194336,5917.02978515625
2017-07-28,40.67584228515625,5908.919921875
2017-07-31,40.52555847167969,5880.330078125
2017-08-01,40.40179443359375,5895.169921875
2017-08-02,40.304542541503906,5914.22998046875
2017-08-03,40.37526321411133,5891.2001953125
2017-08-04,40.224979400634766,5899.91015625
2017-08-07,40.3487434387207,5934.72998046875
2017-08-08,40.313377380371094,5926.35009765625
2017-08-09,40.304542541503906,5919.39013671875
2017-08-10,40.43715286254883,5788.18994140625
2017-08-11,40.304542541503906,5831.52978515625
2017-08-14,40.49019241333008,5908.169921875
2017-08-15,40.83497619628906,5907.72998046875
2017-08-16,40.84381866455078,5917.419921875
2017-08-17,40.543243408203125,5796.31982421875
2017-08-18,40.37526321411133,5790.91015625
2017-08-21,40.38410568237305,5786.5400390625
2017-08-22,40.313377380371094,5873.330078125
2017-08-23,40.26033401489258,5851.77978515625
2017-08-24,40.145408630371094,5834.43994140625
2017-08-25,40.286869049072266,5822.52978515625
2017-08-28,40.15424728393555,5838.080078125
2017-08-29,40.18077850341797,5862.14013671875
2017-08-30,40.12773132324219,5932.89990234375
2017-08-31,40.26918411254883,5988.60009765625
2017-09-01,40.472511291503906,5987.89990234375
2017-09-05,40.59628677368164,5932.72998046875
2017-09-06,40.63164138793945,5951.1298828125
2017-09-07,40.91455078125,5964.31005859375
2017-09-08,40.93222427368164,5913.3701171875
2017-09-11,41.12671661376953,5980.52978515625
2017-09-12,41.303531646728516,5995.64013671875
2017-09-13,41.4361457824707,6004.3798828125
2017-09-14,41.088619232177734,5968.81982421875
2017-09-15,41.15099334716797,5988.0
2017-09-18,41.088619232177734,5981.1201171875
2017-09-19,40.972774505615234,5991.080078125
2017-09-20,40.794551849365234,5973.60986328125
2017-09-21,40.4559326171875,5934.91015625
2017-09-22,40.53614044189453,5932.31982421875
2017-09-25,40.714351654052734,5867.35009765625
2017-09-26,40.607425689697266,5881.33984375
2017-09-27,39.77870559692383,5937.7900390625
2017-09-28,40.01929473876953,5933.06982421875
2017-09-29,40.108402252197266,5979.2998046875
2017-10-02,39.92127227783203,5981.919921875
2017-10-03,40.268798828125,5995.06005859375
2017-10-04,40.545047760009766,5998.83984375
2017-10-05,40.562870025634766,6057.14013671875
2017-10-06,40.53614044189453,6064.56982421875
2017-10-09,40.464847564697266,6058.52978515625
2017-10-10,40.87474822998047,6063.52001953125
2017-10-11,41.07970428466797,6081.25
2017-10-12,41.088619232177734,6069.990234375
2017-10-13,41.15099334716797,6092.4501953125
2017-10-16,41.5430793762207,6114.52978515625
2017-10-17,41.45396423339844,6122.60986328125
2017-10-18,41.3470344543457,6114.35009765625
2017-10-19,41.51633834838867,6092.6201171875
2017-10-20,41.3292121887207,6108.81982421875
2017-10-23,41.2757453918457,6067.830078125
2017-10-24,41.15099334716797,6080.22021484375
2017-10-25,41.03514862060547,6055.0400390625
2017-10-26,41.19554138183594,6037.8701171875
2017-10-27,41.05297088623047,6213.47021484375
2017-10-30,40.865840911865234,6227.58984375
2017-10-31,40.972774505615234,6248.56005859375
2017-11-01,40.81237030029297,6248.64990234375
2017-11-02,40.883663177490234,6236.39013671875
2017-11-03,40.9638671875,6295.580078125
2017-11-06,40.518314361572266,6313.60986328125
2017-11-07,40.9371337890625,6320.77978515625
2017-11-08,41.15099334716797,6345.81005859375
2017-11-09,41.19554138183594,6312.2099609375
2017-11-10,41.47178268432617,6309.06982421875
2017-11-13,41.63219451904297,6316.18017578125
2017-11-14,42.26486587524414,6293.64013671875
2017-11-15,41.71238708496094,6258.35986328125
2017-11-16,41.4807014465332,6339.14013671875
2017-11-17,40.7321662902832,6314.509765625
2017-11-20,40.5093994140625,6308.60986328125
2017-11-21,40.794551849365234,6378.6298828125
2017-11-22,40.848018646240234,6386.1201171875
2017-11-24,40.883663177490234,6409.2900390625
2017-11-27,40.901485443115234,6405.97021484375
2017-11-28,40.839111328125,6422.56005859375
2017-11-29,40.545047760009766,6311.3798828125
2017-11-30,41.120025634765625,6365.56005859375
2017-12-01,41.299713134765625,6337.8701171875
2017-12-04,41.533287048339844,6263.7001953125
2017-12-05,41.560237884521484,6265.10986328125
2017-12-06,41.73094177246094,6293.0498046875
2017-12-07,41.12900924682617,6316.27978515625
2017-12-08,40.706756591796875,6344.56982421875
2017-12-11,40.7247200012207,6393.89013671875
2017-12-12,40.68879318237305,6383.64990234375
2017-12-13,41.236820220947266,6394.669921875
2017-12-14,41.35361099243164,6389.91015625
2017-12-15,41.49734878540039,6466.31982421875
2017-12-18,41.26377487182617,6513.27001953125
2017-12-19,41.44344711303711,6480.669921875
2017-12-20,41.398529052734375,6472.47998046875
2017-12-21,40.96728515625,6472.68994140625
2017-12-22,40.95831298828125,6465.169921875
2017-12-26,41.15596008300781,6433.16015625
2017-12-27,41.26377487182617,6435.14990234375
2017-12-28,41.07510757446289,6441.419921875
2017-12-29,41.21885299682617,6396.419921875
2018-01-02,40.91339111328125,6511.33984375
2018-01-03,40.823551177978516,6575.7998046875
2018-01-04,41.398529052734375,6584.580078125
2018-01-05,41.38954544067383,6653.2900390625
2018-01-08,41.326656341552734,6676.6298828125
2018-01-09,41.533287048339844,6677.93994140625
2018-01-10,41.38954544067383,6662.66015625
2018-01-11,41.36259078979492,6708.490234375
2018-01-12,41.461421966552734,6758.5400390625
2018-01-16,41.80281448364258,6737.14013671875
2018-01-17,42.06334686279297,6810.27978515625
2018-01-18,42.117252349853516,6811.3798828125
2018-01-19,42.368812561035156,6834.330078125
2018-01-22,42.56644821166992,6906.27978515625
2018-01-23,42.62934875488281,6963.4599609375
2018-01-24,42.97073745727539,6919.35009765625
2018-01-25,42.97971725463867,6916.2998046875
2018-01-26,43.59962463378906,7022.97021484375
2018-01-29,42.85395431518555,6988.31982421875
2018-01-30,42.593406677246094,6930.72998046875
2018-01-31,42.75511932373047,6949.990234375
2018-02-01,42.62934875488281,6901.5
2018-02-02,41.98249435424805,6760.2900390625
2018-02-05,40.329429626464844,6495.919921875
2018-02-06,40.13178253173828,6665.97998046875
2018-02-07,40.032958984375,6582.02001953125
2018-02-08,38.721282958984375,6306.10009765625
2018-02-09,38.748233795166016,6412.68017578125
2018-02-12,39.502891540527344,6523.85009765625
2018-02-13,39.70054244995117,6553.85986328125
2018-02-14,39.61968231201172,6675.02978515625
2018-02-15,40.23060607910156,6794.919921875
2018-02-16,40.41028594970703,6770.66015625
2018-02-20,39.5208625793457,6779.68994140625
2018-02-21,38.9368896484375,6759.259765625
2018-02-22,39.09861373901367,6761.85009765625
2018-02-23,39.56578063964844,6896.60009765625
2018-02-26,39.55679702758789,6989.10009765625
2018-02-27,39.18844985961914,6900.35009765625
2018-02-28,38.8290901184082,6854.419921875
2018-03-01,39.017757415771484,6750.5400390625
2018-03-02,39.27829360961914,6811.0400390625
2018-03-05,39.4310188293457,6881.27978515625
2018-03-06,39.46695327758789,6913.02001953125
2018-03-07,39.368125915527344,6929.39013671875
2018-03-08,39.93412780761719,6966.43017578125
2018-03-09,40.26654052734375,7101.18017578125
2018-03-12,40.00600814819336,7131.1201171875
2018-03-13,40.04194259643555,7046.509765625
2018-03-14,39.67939758300781,7040.97998046875
2018-03-15,39.5797004699707,7030.97021484375
2018-03-16,39.38936996459961,7019.9501953125
2018-03-19,39.20810317993164,6864.8798828125
2018-03-20,39.11747360229492,6885.919921875
2018-03-21,38.97245407104492,6853.4501953125
2018-03-22,38.754940032958984,6682.259765625
2018-03-23,38.365211486816406,6508.08984375
2018-03-26,38.691490173339844,6753.830078125
2018-03-27,38.87274932861328,6529.83984375
2018-03-28,39.262489318847656,6460.81005859375
2018-03-29,39.362178802490234,6581.1298828125
2018-04-02,38.673362731933594,6390.83984375
2018-04-03,39.316871643066406,6458.830078125
2018-04-04,40.0963134765625,6560.06005859375
2018-04-05,40.241329193115234,6594.83984375
2018-04-06,39.80628204345703,6433.2099609375
2018-04-09,39.72471618652344,6472.33984375
2018-04-10,39.86973571777344,6615.8701171875
2018-04-11,39.86973571777344,6583.43994140625
2018-04-12,39.905982971191406,6656.259765625
2018-04-13,40.341026306152344,6628.33984375
2018-04-16,40.4951057434082,6675.18017578125
2018-04-17,40.67637252807617,6816.3701171875
2018-04-18,40.341026306152344,6833.2099609375
2018-04-19,40.159759521484375,6774.89013671875
2018-04-20,39.64315414428711,6667.75
2018-04-23,39.86067199707031,6648.7998046875
2018-04-24,39.03589630126953,6509.0498046875
2018-04-25,38.455848693847656,6513.93994140625
2018-04-26,38.74587631225586,6649.64990234375
2018-04-27,39.25343322753906,6656.35009765625
2018-04-30,39.16279220581055,6605.56982421875
2018-05-01,38.60086441040039,6681.9599609375
2018-05-02,38.12050247192383,6644.47998046875
2018-05-03,37.966426849365234,6643.47998046875
2018-05-04,38.39240264892578,6769.1201171875
2018-05-07,38.1930046081543,6821.8701171875
2018-05-08,37.8939208984375,6815.47998046875
2018-05-09,37.866729736328125,6893.2099609375
2018-05-10,38.229270935058594,6963.5498046875
2018-05-11,38.1930046081543,6952.56005859375
2018-05-14,38.10237121582031,6964.3701171875
2018-05-15,37.812347412109375,6888.5400390625
2018-05-16,37.65826416015625,6929.97021484375
2018-05-17,38.3380241394043,6901.6298828125
2018-05-18,38.229270935058594,6866.25
2018-05-21,38.43771743774414,6905.52978515625
2018-05-22,38.29270553588867,6893.6201171875
2018-05-23,38.42866516113281,6953.6298828125
2018-05-24,38.35615539550781,6949.7001953125
2018-05-25,38.42866516113281,6960.919921875
2018-05-29,38.68243408203125,6926.5400390625
2018-05-30,39.09028625488281,6976.3701171875
2018-05-31,38.97245407104492,6967.72998046875
2018-06-01,39.08122253417969,7083.93017578125
2018-06-04,39.416561126708984,7143.56982421875
2018-06-05,39.0721549987793,7166.75
2018-06-06,39.38936996459961,7210.080078125
2018-06-07,39.371246337890625,7152.830078125
2018-06-08,39.83348083496094,7152.6201171875
2018-06-11,39.99661636352539,7168.47998046875
2018-06-12,40.250389099121094,7209.18017578125
2018-06-13,40.04194259643555,7205.259765625
2018-06-14,39.849910736083984,7279.58984375
2018-06-15,40.343692779541016,7255.759765625
2018-06-18,39.82247543334961,7251.41015625
2018-06-19,39.868194580078125,7228.0400390625
2018-06-20,39.55729675292969,7280.7001953125
2018-06-21,39.401851654052734,7217.490234375
2018-06-22,39.54814910888672,7197.509765625
2018-06-25,39.849910736083984,7038.169921875
2018-06-26,39.621307373046875,7068.2001953125
2018-06-27,39.3835563659668,6969.669921875
2018-06-28,39.74932098388672,7031.60009765625
2018-06-29,40.10594177246094,7040.7998046875
2018-07-02,40.00535583496094,7097.81982421875
2018-07-03,40.22481918334961,7014.5498046875
2018-07-05,40.83747100830078,7101.0498046875
2018-07-06,40.819183349609375,7207.330078125
2018-07-09,40.59972381591797,7276.0
2018-07-10,41.120941162109375,7282.60009765625
2018-07-11,40.95634841918945,7243.97998046875
2018-07-12,40.84661102294922,7366.25
2018-07-13,40.910621643066406,7375.81982421875
2018-07-16,40.90147399902344,7357.89990234375
2018-07-17,41.37697219848633,7403.89013671875
2018-07-18,41.258094787597656,7390.1298828125
2018-07-19,41.24895095825195,7352.35986328125
2018-07-20,41.40439987182617,7350.22998046875
2018-07-23,41.1026496887207,7371.77978515625
2018-07-24,41.38611602783203,7406.25
2018-07-25,42.14507293701172,7508.58984375
2018-07-26,42.282230377197266,7400.75
2018-07-27,42.254798889160156,7296.77978515625
2018-07-30,42.27309036254883,7193.10009765625
2018-07-31,42.63885498046875,7231.97998046875
2018-08-01,42.419395446777344,7272.89013671875
2018-08-02,42.22737121582031,7372.14990234375
2018-08-03,42.62970733642578,7395.490234375
2018-08-06,42.65714645385742,7438.990234375
2018-08-07,42.519981384277344,7462.64990234375
2018-08-08,42.19993591308594,7469.5498046875
2018-08-09,42.38282012939453,7466.9599609375
2018-08-10,42.13592529296875,7408.2998046875
2018-08-13,41.907325744628906,7401.169921875
2018-08-14,41.962196350097656,7447.169921875
2018-08-15,42.13592529296875,7354.66015625
2018-08-16,42.263954162597656,7374.2900390625
2018-08-17,42.61141586303711,7377.5400390625
2018-08-20,42.73029708862305,7371.419921875
2018-08-21,42.263954162597656,7397.22998046875
2018-08-22,41.9987678527832,7424.60009765625
2018-08-23,41.7884521484375,7413.83984375
2018-08-24,41.72444534301758,7485.39990234375
2018-08-27,41.7793083190918,7559.1298828125
2018-08-28,41.486698150634766,7570.25
2018-08-29,41.45012283325195,7660.18017578125
2018-08-30,41.1026496887207,7642.669921875
2018-08-31,40.75517654418945,7654.5498046875
2018-09-04,40.92890930175781,7622.31982421875
2018-09-05,41.495845794677734,7523.259765625
2018-09-06,41.85246276855469,7453.169921875
2018-09-07,41.806739807128906,7430.259765625
2018-09-10,42.117637634277344,7447.68017578125
2018-09-11,42.0810661315918,7507.8701171875
2018-09-12,42.282230377197266,7488.06005859375
2018-09-13,42.263790130615234,7561.68994140625
2018-09-14,42.41134262084961,7545.5
2018-09-17,42.71566390991211,7434.72998046875
2018-09-18,42.35600662231445,7494.39990234375
2018-09-19,42.38367462158203,7490.31982421875
2018-09-20,43.01076126098633,7569.02978515625
2018-09-21,42.9554328918457,7531.06982421875
2018-09-24,42.485111236572266,7548.75
2018-09-25,42.125457763671875,7563.18994140625
2018-09-26,42.282230377197266,7563.08984375
2018-09-27,42.429779052734375,7629.56982421875
2018-09-28,42.59577178955078,7627.64990234375
2018-10-01,42.63266372680664,7645.4501953125
2018-10-02,42.890869140625,7628.27978515625
2018-10-03,42.30067443847656,7637.43017578125
2018-10-04,42.282230377197266,7490.0
2018-10-05,42.30990219116211,7399.009765625
2018-10-08,42.86321258544922,7352.81982421875
2018-10-09,42.78022003173828,7371.6201171875
2018-10-10,42.125457763671875,7044.5
2018-10-11,41.1663932800293,6964.02978515625
2018-10-12,41.203277587890625,7157.2099609375
2018-10-15,41.41537857055664,7068.669921875
2018-10-16,41.950252532958984,7276.43017578125
2018-10-17,42.29145812988281,7278.6298828125
2018-10-18,42.06090545654297,7116.08984375
2018-10-19,42.724884033203125,7107.22998046875
2018-10-22,42.392906188964844,7141.2099609375
2018-10-23,42.75254821777344,7118.669921875
2018-10-24,43.09375762939453,6789.14990234375
2018-10-25,42.890869140625,7016.39013671875
2018-10-26,42.3467903137207,6852.39990234375
2018-10-29,42.844764709472656,6713.89990234375
2018-10-30,43.92372512817383,6810.1201171875
2018-10-31,44.15427017211914,6967.10009765625
2018-11-01,44.025169372558594,7069.169921875
2018-11-02,44.26493453979492,6965.2900390625
2018-11-05,44.9012451171875,6937.08984375
2018-11-06,45.28856658935547,6988.85009765625
2018-11-07,45.52832794189453,7203.1298828125
2018-11-08,45.4914436340332,7158.58984375
2018-11-09,45.814205169677734,7039.14990234375
2018-11-12,45.98942184448242,6829.10009765625
2018-11-13,45.98019790649414,6830.91015625
2018-11-14,45.887977600097656,6769.8701171875
2018-11-15,45.869544982910156,6890.4501953125
2018-11-16,46.26607894897461,6867.02001953125
2018-11-19,46.57961654663086,6642.919921875
2018-11-20,45.53755569458008,6526.9599609375
2018-11-21,44.93812942504883,6575.66015625
2018-11-23,45.205562591552734,6527.35009765625
2018-11-26,45.06723403930664,6678.33984375
2018-11-27,45.52832794189453,6701.0400390625
2018-11-28,45.84186935424805,6913.330078125
2018-11-29,45.52585220336914,6892.39990234375
2018-11-30,46.84571075439453,6949.009765625
2018-12-03,46.1857795715332,7062.1298828125
2018-12-04,46.08353805541992,6795.2099609375
2018-12-06,45.897640228271484,6838.85009765625
2018-12-07,45.62809753417969,6613.27978515625
2018-12-10,45.767513275146484,6682.740234375
2018-12-11,46.046363830566406,6704.240234375
2018-12-12,45.748924255371094,6763.9599609375
2018-12-13,45.98129653930664,6767.97021484375
2018-12-14,45.8604621887207,6594.9599609375
2018-12-17,44.92169189453125,6448.39013671875
2018-12-18,44.91239547729492,6491.52001953125
2018-12-19,44.52201461791992,6342.97021484375
2018-12-20,44.187400817871094,6243.18994140625
2018-12-21,44.21528625488281,6046.56005859375
2018-12-24,42.71882247924805,5899.35009765625
2018-12-26,43.62971496582031,6262.77001953125
2018-12-27,44.17810821533203,6288.2998046875
2018-12-28,43.871376037597656,6285.27001953125
2018-12-31,44.01080322265625,6329.97021484375
2019-01-02,43.620418548583984,6360.8701171875
2019-01-03,43.350868225097656,6147.1298828125
2019-01-04,44.21528625488281,6422.669921875
2019-01-07,43.639007568359375,6488.25
2019-01-08,44.131629943847656,6551.85009765625
2019-01-09,43.28580856323242,6600.68994140625
2019-01-10,43.750545501708984,6620.93994140625
2019-01-11,44.00150680541992,6601.39990234375
2019-01-14,43.824913024902344,6541.0400390625
2019-01-15,44.21528625488281,6669.64013671875
2019-01-16,43.61112976074219,6668.56005859375
2019-01-17,43.74125289916992,6718.4501953125
2019-01-18,44.25246810913086,6784.60986328125
2019-01-22,44.35470962524414,6646.81005859375
2019-01-23,44.86592102050781,6658.759765625
2019-01-24,44.32682800292969,6702.5498046875
2019-01-25,44.02939224243164,6787.3701171875
2019-01-28,43.8434944152832,6697.08984375
2019-01-29,44.057273864746094,6632.7900390625
2019-01-30,44.484832763671875,6807.91015625
2019-01-31,44.73579406738281,6906.83984375
2019-02-01,45.265602111816406,6875.52001953125
2019-02-04,45.77681350708008,6959.9599609375
2019-02-05,45.78609848022461,7023.52001953125
2019-02-06,45.78609848022461,6997.6201171875
2019-02-07,45.934818267822266,6904.97998046875
2019-02-08,46.009178161621094,6913.1298828125
2019-02-11,46.11142349243164,6909.18017578125
2019-02-12,46.157894134521484,7014.669921875
2019-02-13,46.27872848510742,7015.8798828125
2019-02-14,42.37492370605469,7022.419921875
2019-02-15,42.04960250854492,7055.18017578125
2019-02-19,41.66851043701172,7066.60986328125
2019-02-20,41.919471740722656,7062.33984375
2019-02-21,42.62588119506836,7035.16015625
2019-02-22,42.0867805480957,7090.6298828125
2019-02-25,41.770751953125,7115.43017578125
2019-02-26,41.538387298583984,7123.22021484375
2019-02-27,41.770751953125,7117.0
2019-02-28,42.142555236816406,7097.52978515625
2019-03-01,42.17972946166992,7151.56982421875
2019-03-04,42.43068313598633,7150.830078125
2019-03-05,42.38420486450195,7156.7900390625
2019-03-06,42.24479293823242,7112.47021484375
2019-03-07,42.0867805480957,7026.8798828125
2019-03-08,41.67781066894531,7015.68994140625
2019-03-11,42.923316955566406,7164.02001953125
2019-03-12,42.80247116088867,7201.27978515625
2019-03-13,42.96049499511719,7256.97998046875
2019-03-14,42.84798049926758,7243.009765625
2019-03-15,42.472938537597656,7306.990234375
2019-03-18,42.57606887817383,7326.27978515625
2019-03-19,42.71671676635742,7349.27978515625
2019-03-20,42.6885871887207,7380.75
2019-03-21,42.669837951660156,7493.27001953125
2019-03-22,43.063621520996094,7326.06005859375
2019-03-25,43.15738296508789,7316.9599609375
2019-03-26,43.729312896728516,7351.14990234375
2019-03-27,43.70118713378906,7308.18994140625
2019-03-28,43.67306137084961,7320.47021484375
2019-03-29,43.93558883666992,7378.77001953125
2019-04-01,43.80432891845703,7478.419921875
2019-04-02,43.6636848449707,7499.64013671875
2019-04-03,43.29802703857422,7544.97021484375
2019-04-04,43.57929992675781,7540.56982421875
2019-04-05,43.56993103027344,7578.83984375
2019-04-08,43.644927978515625,7599.740234375
2019-04-09,43.757442474365234,7568.490234375
2019-04-10,43.729312896728516,7611.490234375
2019-04-11,43.794944763183594,7594.89013671875
2019-04-12,43.82307815551758,7628.14990234375
2019-04-15,44.06684875488281,7629.1201171875
2019-04-16,44.01996994018555,7654.72998046875
2019-04-17,44.32937240600586,7680.72021484375
2019-04-18,44.51689147949219,7689.72021484375
2019-04-22,44.4418830871582,7713.490234375
2019-04-23,45.201332092285156,7810.7099609375
2019-04-24,44.985687255859375,7784.41015625
2019-04-25,44.85442352294922,7816.919921875
2019-04-26,45.24821853637695,7826.68017578125
2019-04-29,45.398223876953125,7839.0400390625
2019-04-30,45.998294830322266,7781.4599609375
2019-05-01,45.557621002197266,7751.85009765625
2019-05-02,45.37009811401367,7724.06005859375
2019-05-03,45.679508209228516,7845.72998046875
2019-05-06,45.44511032104492,7794.08984375
2019-05-07,45.00444030761719,7640.14990234375
2019-05-08,44.863800048828125,7617.5498046875
2019-05-09,44.4418830871582,7582.75
2019-05-10,45.18258285522461,7586.52978515625
2019-05-13,45.05131912231445,7324.1298828125
2019-05-14,45.65138244628906,7401.8798828125
2019-05-15,46.11079406738281,7503.25
2019-05-16,46.485836029052734,7580.14013671875
2019-05-17,46.12954330444336,7503.68017578125
2019-05-20,45.801387786865234,7376.7001953125
2019-05-21,45.56698989868164,7451.02001953125
2019-05-22,46.55146408081055,7420.66015625
2019-05-23,46.73897933959961,7307.93017578125
2019-05-24,46.51396560668945,7300.9599609375
2019-05-28,46.035789489746094,7278.3798828125
2019-05-29,45.57637405395508,7216.85986328125
2019-05-30,46.17643356323242,7245.39990234375
2019-05-31,46.063926696777344,7127.9599609375
2019-06-03,46.86087417602539,6978.02001953125
2019-06-04,46.87962341308594,7166.75
2019-06-05,47.61094284057617,7220.89990234375
2019-06-06,48.19225311279297,7275.93017578125
2019-06-07,48.27663803100586,7417.2900390625
2019-06-10,48.17350769042969,7501.93017578125
2019-06-11,48.12662887573242,7513.85009765625
2019-06-12,48.417274475097656,7472.2900390625
2019-06-13,48.31333541870117,7510.68017578125
2019-06-14,48.48342514038086,7479.10986328125
2019-06-17,48.06766128540039,7526.52001953125
2019-06-18,47.8503303527832,7635.39990234375
2019-06-19,48.303890228271484,7667.740234375
2019-06-20,48.81414031982422,7738.0498046875
2019-06-21,48.710201263427734,7728.77978515625
2019-06-24,49.059810638427734,7723.02001953125
2019-06-25,48.908626556396484,7591.5400390625
2019-06-26,48.303890228271484,7627.0498046875
2019-06-27,48.26609420776367,7657.0498046875
2019-06-28,48.11491012573242,7671.080078125
2019-07-01,48.757442474365234,7768.14013671875
2019-07-02,49.11650848388672,7799.81982421875
2019-07-03,49.22990417480469,7857.68994140625
2019-07-05,49.239349365234375,7841.2998046875
2019-07-08,49.13541030883789,7785.7900390625
2019-07-09,48.74799346923828,7826.85986328125
2019-07-10,48.965328216552734,7903.39990234375
2019-07-11,49.1732063293457,7896.77978515625
2019-07-12,49.24879455566406,7943.240234375
2019-07-15,49.25825119018555,7966.93017578125
2019-07-16,49.267696380615234,7927.080078125
2019-07-17,49.30549240112305,7888.759765625
2019-07-18,49.163753509521484,7904.1298828125
2019-07-19,48.55901336669922,7834.89990234375
2019-07-22,48.398380279541016,7905.1201171875
2019-07-23,51.33705520629883,7954.56005859375
2019-07-24,50.817344665527344,8010.60986328125
2019-07-25,50.14646911621094,7929.8701171875
2019-07-26,51.18585968017578,8016.9501953125
2019-07-29,51.01578903198242,7989.080078125
2019-07-30,50.760658264160156,7952.47021484375
2019-07-31,49.730709075927734,7848.77978515625
2019-08-01,49.163753509521484,7801.14990234375
2019-08-02,49.447235107421875,7692.7998046875
2019-08-05,48.804691314697266,7415.68994140625
2019-08-06,49.39053726196289,7521.31982421875
2019-08-07,50.25041198730469,7551.89990234375
2019-08-08,50.73230743408203,7724.830078125
2019-08-09,50.4771842956543,7646.27001953125
2019-08-12,50.26930236816406,7561.68017578125
2019-08-13,50.55277633666992,7728.14990234375
2019-08-14,50.07087707519531,7490.1298828125
2019-08-15,50.90239715576172,7484.89013671875
2019-08-16,51.41265106201172,7604.10986328125
2019-08-19,51.67721939086914,7719.31982421875
2019-08-20,50.911842346191406,7664.47021484375
2019-08-21,51.11972427368164,7733.22021484375
2019-08-22,51.488243103027344,7707.43017578125
2019-08-23,50.7795524597168,7464.990234375
2019-08-26,51.53548812866211,7575.02001953125
2019-08-27,51.705570220947266,7566.02978515625
2019-08-28,52.07408142089844,7587.89990234375
2019-08-29,52.017391204833984,7702.31005859375
2019-08-30,52.0079460144043,7691.0
2019-09-03,52.25361633300781,7609.509765625
2019-09-04,52.69772720336914,7719.25
2019-09-05,52.08353805541992,7862.5400390625
2019-09-06,52.187477111816406,7852.5400390625
2019-09-09,51.5165901184082,7832.39990234375
2019-09-10,51.4031982421875,7814.740234375
2019-09-11,51.75281524658203,7887.580078125
2019-09-12,52.07408142089844,7917.33984375
2019-09-13,51.64576721191406,7892.9501953125
2019-09-16,51.36022186279297,7852.41015625
2019-09-17,51.626731872558594,7888.7900390625
2019-09-18,51.61721420288086,7888.56005859375
2019-09-19,51.893245697021484,7901.7900390625
2019-09-20,51.3126335144043,7823.5498046875
2019-09-23,51.53154373168945,7818.60986328125
2019-09-24,51.683837890625,7710.0400390625
2019-09-25,51.560096740722656,7803.5400390625
2019-09-26,51.76950454711914,7771.990234375
2019-09-27,51.693359375,7681.580078125
2019-09-30,51.81709671020508,7749.4501953125
2019-10-01,52.0169792175293,7684.14013671875
2019-10-02,50.522621154785156,7550.7900390625
2019-10-03,51.246002197265625,7638.39013671875
2019-10-04,51.91228103637695,7754.10009765625
2019-10-07,51.274559020996094,7725.1298828125
2019-10-08,50.998531341552734,7604.27001953125
2019-10-09,51.23648452758789,7690.52978515625
2019-10-10,51.07468032836914,7740.35986328125
2019-10-11,50.732017517089844,7843.8798828125
2019-10-14,50.732017517089844,7842.330078125
2019-10-15,50.931907653808594,7942.85009765625
2019-10-16,50.91286849975586,7920.2099609375
2019-10-17,51.19841003417969,7942.14013671875
2019-10-18,52.140708923339844,7868.490234375
2019-10-21,51.61721420288086,7940.330078125
2019-10-22,51.25551986694336,7874.6201171875
2019-10-23,52.0074577331543,7889.47021484375
2019-10-24,51.97890090942383,7966.72021484375
2019-10-25,51.160335540771484,8029.22021484375
2019-10-28,50.989013671875,8110.669921875
2019-10-29,50.83671951293945,8047.509765625
2019-10-30,51.341182708740234,8083.10986328125
2019-10-31,51.807579040527344,8083.830078125
2019-11-01,51.30311584472656,8161.169921875
2019-11-04,50.57973098754883,8210.66015625
2019-11-05,49.894412994384766,8210.1796875
2019-11-06,50.256107330322266,8196.0302734375
2019-11-07,49.770687103271484,8219.650390625
2019-11-08,49.69453811645508,8255.8896484375
2019-11-11,49.34236145019531,8241.91015625
2019-11-12,49.2186279296875,8263.7900390625
2019-11-13,49.8848991394043,8259.8095703125
2019-11-14,50.094303131103516,8257.830078125
2019-11-15,50.13236999511719,8315.51953125
2019-11-18,50.47502517700195,8328.48046875
2019-11-19,50.522621154785156,8338.740234375
2019-11-20,50.6558723449707,8283.75
2019-11-21,50.40840148925781,8265.6201171875
2019-11-22,50.47502517700195,8272.0498046875
2019-11-25,50.6558723449707,8371.9296875
2019-11-26,51.30311584472656,8385.75
2019-11-27,51.35070037841797,8444.7099609375
2019-11-29,51.20686340332031,8403.6796875
2019-12-02,51.542484283447266,8309.259765625
2019-12-03,51.59043502807617,8254.740234375
2019-12-04,52.0603141784668,8296.5302734375
2019-12-05,51.96441650390625,8308.400390625
2019-12-06,52.18497085571289,8397.3701171875
2019-12-09,51.84934997558594,8362.740234375
2019-12-10,51.561668395996094,8354.2900390625
2019-12-11,51.73427200317383,8402.6103515625
2019-12-12,51.91646957397461,8466.8896484375
2019-12-13,52.18497085571289,8487.7099609375
2019-12-16,52.18497085571289,8570.330078125
2019-12-17,52.18497085571289,8575.7001953125
2019-12-18,51.6959228515625,8580.6201171875
2019-12-19,52.089080810546875,8641.2900390625
2019-12-20,52.71238708496094,8678.490234375
2019-12-23,52.654850006103516,8696.009765625
2019-12-24,52.46306228637695,8699.509765625
2019-12-26,52.76033020019531,8778.3095703125
2019-12-27,53.07677459716797,8770.98046875
2019-12-30,53.000064849853516,8709.73046875
2019-12-31,53.07677459716797,8733.0703125
2020-01-02,52.7315673828125,8872.2197265625
2020-01-03,52.44388198852539,8793.900390625
2020-01-06,52.42470169067383,8848.51953125
2020-01-07,52.02195358276367,8846.4501953125
2020-01-08,52.11784362792969,8912.3701171875
2020-01-09,53.06719207763672,8989.6298828125
2020-01-10,53.2493782043457,8966.6396484375
2020-01-13,53.82474136352539,9070.650390625
2020-01-14,53.70008087158203,9033.419921875
2020-01-15,54.371337890625,9035.669921875
2020-01-16,54.48640060424805,9125.0
2020-01-17,54.601470947265625,9173.73046875
2020-01-21,54.82202911376953,9166.6298828125
2020-01-22,55.243961334228516,9188.580078125
2020-01-23,55.454925537109375,9216.98046875
2020-01-24,55.31108856201172,9141.4697265625
2020-01-27,55.119300842285156,8952.1796875
2020-01-28,54.668601989746094,9090.9296875
2020-01-29,54.668601989746094,9101.6103515625
2020-01-30,56.442626953125,9136.08984375
2020-01-31,56.00151443481445,8991.509765625
2020-02-03,56.17412185668945,9126.23046875
2020-02-04,56.42344665527344,9334.0595703125
2020-02-05,56.43303298950195,9367.48046875
2020-02-06,56.56728744506836,9445.919921875
2020-02-07,56.75906753540039,9401.099609375
2020-02-10,57.29607009887695,9516.83984375
2020-02-11,57.142642974853516,9517.8603515625
2020-02-12,56.97003173828125,9613.2001953125
2020-02-13,57.16181945800781,9595.7001953125
2020-02-14,57.48785400390625,9623.580078125
2020-02-18,57.08510208129883,9629.7998046875
2020-02-19,57.31524658203125,9718.73046875
2020-02-20,57.267303466796875,9627.830078125
2020-02-21,57.66046142578125,9446.6904296875
2020-02-24,56.241249084472656,9079.6298828125
2020-02-25,55.44533157348633,8834.8701171875
2020-02-26,55.23436737060547,8873.759765625
2020-02-27,52.67402648925781,8436.669921875
2020-02-28,51.29317092895508,8461.830078125
2020-03-02,53.62336730957031,8877.98046875
2020-03-03,53.75762176513672,8594.490234375
2020-03-04,56.50015640258789,8949.2802734375
2020-03-05,54.409690856933594,8671.66015625
2020-03-06,52.990474700927734,8530.33984375
2020-03-09,49.7301139831543,7948.02978515625
2020-03-10,51.4561882019043,8372.26953125
2020-03-11,50.065738677978516,8006.1201171875
2020-03-12,45.223140716552734,7263.64990234375
2020-03-13,46.886966705322266,7995.259765625
2020-03-16,43.78179931640625,7020.3798828125
2020-03-17,45.639095306396484,7473.9501953125
2020-03-18,43.385196685791016,7175.18017578125
2020-03-19,40.463829040527344,7288.52001953125
2020-03-20,37.04911804199219,6994.2900390625
2020-03-23,36.33328628540039,7006.919921875
2020-03-24,38.16156005859375,7553.830078125
2020-03-25,40.251014709472656,7469.6201171875
2020-03-26,42.843482971191406,7897.1298828125
2020-03-27,41.41182327270508,7588.3701171875
2020-03-30,43.530296325683594,7889.009765625
2020-03-31,42.80479049682617,7813.5
2020-04-01,40.74435806274414,7486.2900390625
2020-04-02,42.514591217041016,7635.66015625
2020-04-03,42.39850997924805,7528.10986328125
2020-04-06,45.145751953125,8081.66015625
2020-04-07,44.99097442626953,8049.31005859375
2020-04-08,46.2581901550293,8229.5400390625
2020-04-09,47.399658203125,8238.5302734375
2020-04-13,45.39726257324219,8332.740234375
2020-04-14,47.322269439697266,8692.16015625
2020-04-15,46.055057525634766,8591.9599609375
2020-04-16,45.56170654296875,8757.830078125
2020-04-17,46.490360260009766,8832.41015625
2020-04-20,45.01032638549805,8726.509765625
2020-04-21,43.89788818359375,8403.0
2020-04-22,44.188087463378906,8664.6396484375
2020-04-23,43.5980110168457,8641.5
2020-04-24,43.946250915527344,8786.599609375
2020-04-27,45.252159118652344,8837.66015625
2020-04-28,45.21346664428711,8677.599609375
2020-04-29,45.5810546875,8982.759765625
2020-04-30,44.39122772216797,9000.509765625
2020-05-01,44.11069869995117,8718.1796875
2020-05-04,43.66572570800781,8834.1103515625
2020-05-05,43.917232513427734,8930.6201171875
2020-05-06,43.28845977783203,8984.8603515625
2020-05-07,43.14335632324219,9101.8798828125
2020-05-08,44.60404586791992,9220.349609375
2020-05-11,44.05266189575195,9298.919921875
2020-05-12,43.35617446899414,9112.4501953125
2020-05-13,42.504913330078125,9000.080078125
2020-05-14,42.27275848388672,9094.419921875
2020-05-15,41.84712600708008,9152.6396484375
2020-05-18,43.501277923583984,9331.9296875
2020-05-19,43.085323333740234,9298.5400390625
2020-05-20,44.39122772216797,9485.01953125
2020-05-21,43.694740295410156,9377.990234375
2020-05-22,43.55931854248047,9413.990234375
2020-05-26,44.58470153808594,9389.98046875
2020-05-27,45.203792572021484,9442.0498046875
2020-05-28,45.55203628540039,9416.7099609375
2020-05-29,45.15542984008789,9555.5302734375
2020-06-01,45.45530319213867,9598.8896484375
2020-06-02,45.36824417114258,9657.3095703125
2020-06-03,46.3355827331543,9704.6904296875
2020-06-04,46.35492706298828,9629.66015625
2020-06-05,47.48672103881836,9824.3896484375
2020-06-08,48.22188949584961,9901.51953125
2020-06-09,47.399658203125,9967.169921875
2020-06-10,47.03206253051758,10094.259765625
2020-06-11,44.05266189575195,9588.48046875
2020-06-12,44.51144027709961,9663.7802734375
2020-06-15,45.19472885131836,9776.8896484375
2020-06-16,45.65351104736328,9949.3701171875
2020-06-17,45.468048095703125,9982.48046875
2020-06-18,45.86825942993164,10012.0498046875
2020-06-19,44.92141342163086,10008.6396484375
2020-06-22,44.64809799194336,10130.330078125
2020-06-23,44.55048751831055,10209.8203125
2020-06-24,43.58412170410156,10002.7001953125
2020-06-25,43.85743713378906,10101.830078125
2020-06-26,42.529903411865234,9849.3603515625
2020-06-29,43.30104446411133,9961.16015625
2020-06-30,43.6134033203125,10156.849609375
2020-07-01,43.75006103515625,10279.25
2020-07-02,43.80862808227539,10341.8896484375
2020-07-06,44.150272369384766,10604.0595703125
2020-07-07,44.1307487487793,10524.009765625
2020-07-08,43.99409484863281,10666.7001953125
2020-07-09,42.861785888671875,10754.58984375
2020-07-10,44.07218551635742,10836.330078125
2020-07-13,44.1697998046875,10602.2099609375
2020-07-14,44.77499771118164,10689.51953125
2020-07-15,45.2923469543457,10701.6796875
2020-07-16,45.04831314086914,10626.4599609375
2020-07-17,45.70231628417969,10645.2197265625
2020-07-20,45.01902770996094,10952.080078125
2020-07-21,46.073246002197266,10833.0703125
2020-07-22,47.322689056396484,10870.75
2020-07-23,47.127464294433594,10580.58984375
2020-07-24,47.33245086669922,10483.1298828125
2020-07-27,47.322689056396484,10674.3798828125
2020-07-28,47.029850006103516,10532.5
2020-07-29,46.8736686706543,10662.98046875
2020-07-30,46.55154800415039,10715.509765625
2020-07-31,46.1122932434082,10905.8798828125
2020-08-03,45.19472885131836,11055.080078125
2020-08-04,45.575416564941406,11096.5400390625
2020-08-05,46.092769622802734,11125.4404296875
2020-08-06,46.346561431884766,11267.080078125
2020-08-07,46.6589241027832,11139.3896484375
2020-08-10,46.58083724975586,11085.169921875
2020-08-11,46.78582000732422,10876.080078125
2020-08-12,47.27388381958008,11157.7197265625
2020-08-13,47.22507858276367,11178.3701171875
2020-08-14,47.29340744018555,11164.4501953125
2020-08-17,47.05913543701172,11288.5703125
2020-08-18,47.264122009277344,11399.0302734375
2020-08-19,46.23918914794922,11318.6396484375
2020-08-20,46.219661712646484,11477.0498046875
2020-08-21,46.151336669921875,11555.16015625
2020-08-24,46.824867248535156,11626.169921875
2020-08-25,46.76629638671875,11721.8095703125
2020-08-26,47.01033020019531,11971.9404296875
2020-08-27,47.07865524291992,11926.16015625
2020-08-28,48.640464782714844,11995.849609375
2020-08-31,48.347625732421875,12110.7001953125
2020-09-01,47.947410583496094,12292.8603515625
2020-09-02,49.967994689941406,12420.5400390625
2020-09-03,49.27494430541992,11771.3701171875
2020-09-04,49.82157897949219,11622.1298828125
2020-09-08,48.620941162109375,11068.259765625
2020-09-09,48.99187088012695,11395.849609375
2020-09-10,48.80640411376953,11154.1201171875
2020-09-11,49.841102600097656,11087.400390625
2020-09-14,49.900142669677734,11277.759765625
2020-09-15,50.234710693359375,11438.8701171875
2020-09-16,49.97886276245117,11247.599609375
2020-09-17,49.742698669433594,11080.9501953125
2020-09-18,49.64429473876953,10936.98046875
2020-09-21,48.30601501464844,10980.2197265625
2020-09-22,48.866912841796875,11186.3701171875
2020-09-23,47.440067291259766,10833.330078125
2020-09-24,47.922245025634766,10896.4697265625
2020-09-25,47.941925048828125,11151.1298828125
2020-09-28,48.492977142333984,11364.4501953125
2020-09-29,48.138729095458984,11322.9501953125
2020-09-30,48.581539154052734,11418.0595703125
2020-10-01,48.39457702636719,11583.2001953125
2020-10-02,48.57170486450195,11255.6904296875
2020-10-05,48.59138488769531,11509.0595703125
2020-10-06,48.158409118652344,11291.26953125
2020-10-07,48.76850891113281,11503.1904296875
2020-10-08,49.654136657714844,11550.9404296875
2020-10-09,49.9985466003418,11725.849609375
2020-10-12,50.274070739746094,12088.1103515625
2020-10-13,49.41796875,12083.169921875
2020-10-14,49.31956100463867,11985.3603515625
2020-10-15,49.19164276123047,11898.5703125
2020-10-16,49.23099899291992,11852.169921875
2020-10-19,48.82754898071289,11634.349609375
2020-10-20,49.447486877441406,11677.83984375
2020-10-21,49.19164276123047,11665.3701171875
2020-10-22,49.87062072753906,11662.91015625
2020-10-23,49.71317672729492,11692.5703125
2020-10-26,49.004676818847656,11504.51953125
2020-10-27,49.10307693481445,11598.9501953125
2020-10-28,47.19405746459961,11142.759765625
2020-10-29,47.25310134887695,11350.740234375
2020-10-30,47.29246520996094,11052.9501953125
2020-11-02,47.8435173034668,11084.759765625
2020-11-03,48.561859130859375,11279.91015625
2020-11-04,48.384735107421875,11777.01953125
2020-11-05,48.65042495727539,12078.0703125
2020-11-06,48.6602668762207,12091.349609375
2020-11-09,51.730438232421875,11830.3896484375
2020-11-10,53.117916107177734,11624.2900390625
2020-11-11,52.724308013916016,11892.9296875
2020-11-12,52.16341018676758,11827.1396484375
2020-11-13,52.59638214111328,11937.83984375
2020-11-16,52.989994049072266,12013.3798828125
2020-11-17,52.82271194458008,11977.490234375
2020-11-18,51.769798278808594,11894.7099609375
2020-11-19,52.281494140625,11985.4296875
2020-11-20,51.82883834838867,11906.4404296875
2020-11-23,51.838680267333984,11905.9404296875
2020-11-24,52.37005615234375,12079.8095703125
2020-11-25,52.08469009399414,12152.2197265625
2020-11-27,51.858360290527344,12258.2099609375
2020-11-30,51.17405700683594,12268.3203125
2020-12-01,51.61042785644531,12455.330078125
2020-12-02,51.679847717285156,12456.41015625
2020-12-03,52.34431457519531,12467.1298828125
2020-12-04,53.40548324584961,12528.48046875
2020-12-07,52.55258560180664,12596.4697265625
2020-12-08,52.74101638793945,12635.7197265625
2020-12-09,52.88977813720703,12364.6396484375
2020-12-10,52.61208724975586,12401.740234375
2020-12-11,52.909610748291016,12375.41015625
2020-12-14,52.83027267456055,12462.2099609375
2020-12-15,53.395565032958984,12595.919921875
2020-12-16,52.622005462646484,12668.16015625
2020-12-17,52.83027267456055,12752.0595703125
2020-12-18,53.29639434814453,12738.1796875
2020-12-21,52.37406921386719,12690.259765625
2020-12-22,52.32447814941406,12717.5595703125
2020-12-23,52.641841888427734,12653.1396484375
2020-12-24,52.99886703491211,12711.009765625
2020-12-28,53.71292495727539,12838.8603515625
2020-12-29,53.68317413330078,12843.490234375
2020-12-30,53.9906120300293,12845.3603515625
2020-12-31,54.38731384277344,12888.2802734375
